rank,pair,token_x_mint,token_y_mint,non_wsol_mint,non_wsol_symbol,active_id,target_bin_id,bin_step,status,target_bin_array,target_bin_array_index,target_bin_index,wsol_side,target_bin_amount_x,target_bin_amount_y,target_bin_liquidity_supply,target_bin_open_order_amount,target_bin_is_empty,reserve_x_ui_amount,reserve_y_ui_amount,wsol_reserve_ui_amount,estimated_tvl_usdc,active_price_y_per_x,fair_price_y_per_x,implied_wsol_usdc_price,reference_wsol_usdc_price,wsol_discount_bps,wsol_is_cheap_for_arbers,token_volume_24h_usd
1,GFKumhM2jpxJxmmJtDvsCq8UKkpDmkRMkmPSPgE4gtKu,AuQaustGiaqxRvj2gtCdrd22PBzTn8kM3kEPEkZCtuDw,So11111111111111111111111111111111111111112,AuQaustGiaqxRvj2gtCdrd22PBzTn8kM3kEPEkZCtuDw,ADX,-31,-32,400,0,GQeoqADgzu4jiTWmtifFTud4fthULLXaFDezKTSZFaK9,-1,38,y,0,0,0,0,true,2805.900078000000,0.662911125000,0.662911125000,119.566406,0.000285057940,0.000009960862,3.151285,90.182832,-9651,true,532.493951
2,W23qng2pyW1ChvgztFB6tabaPUPHKLX6BWCwZmyG1c2,FRAGMEWj2z65qM62zqKhNtwNFskdfKs4ekDUDX3b4VD5,So11111111111111111111111111111111111111112,FRAGMEWj2z65qM62zqKhNtwNFskdfKs4ekDUDX3b4VD5,FRAG,-974,-975,80,0,FchXbHQ7gCWkCBxTDfiyvdwsKWQKUw7WANL9XEgKd5oK,-14,5,y,0,0,0,0,true,35.739550200000,0.011251884000,0.011251884000,2.029454,0.000422650311,0.000023866136,5.092427,90.182832,-9435,true,2958.379511
3,EDkCGZCsfx4A9TyzJ6aWwr26ycXs1h6dnejoAdtNbsES,FRAGMEWj2z65qM62zqKhNtwNFskdfKs4ekDUDX3b4VD5,So11111111111111111111111111111111111111112,FRAGMEWj2z65qM62zqKhNtwNFskdfKs4ekDUDX3b4VD5,FRAG,-3966,-3967,20,0,FeULeoMgfPkAC9HYePnn1JZKEgqT4bm2udHPXcWbP92x,-57,23,y,0,0,0,0,true,1071.993137999000,0.466555345000,0.466555345000,84.150565,0.000361200785,0.000023866136,5.958779,90.182832,-9339,true,2958.379511
4,4q7C7AtekYbMgTHdPp1ZVC7bjpZquCaf8AJU2gaZMW1s,LAYER4xPpTCb3QL8S9u41EAhAX7mhBn8Q6xMTwY2Yzc,So11111111111111111111111111111111111111112,LAYER4xPpTCb3QL8S9u41EAhAX7mhBn8Q6xMTwY2Yzc,LAYER,-109,-110,400,0,CEkFLTcNdxWJ3uSy41AAN4EXwJaAkJquADDnUN4JsB8Z,-2,30,y,0,0,0,0,true,8.198959124000,0.040221754000,0.040221754000,7.254623,0.013376197642,0.000890196158,6.001736,90.182832,-9334,true,272.629561
5,5CffB8PQH1edyqH5g7Pd2cMp75Eog5VMV758xkLHPHF9,STBuyENwJ1GP4yNZCjwavn92wYLEY3t5S1kVS5kwyS1,So11111111111111111111111111111111111111112,STBuyENwJ1GP4yNZCjwavn92wYLEY3t5S1kVS5kwyS1,STB,-1084,-1085,80,0,BHerKQxMRLQvN7Q9KRpNzjmmoWFnMX3RSVk2ybUWzAU3,-16,35,y,0,0,0,0,true,79.651594803000,0.014758683000,0.014758683000,2.661960,0.000175923016,0.000012632002,6.475501,90.182832,-9282,true,1738.774393
6,Cee2yVi7dCWxmQUeLyxV4Q2STymc6ZJ7G53qnP1PhcGc,AuQaustGiaqxRvj2gtCdrd22PBzTn8kM3kEPEkZCtuDw,So11111111111111111111111111111111111111112,AuQaustGiaqxRvj2gtCdrd22PBzTn8kM3kEPEkZCtuDw,ADX,-202,-203,100,0,Eu7Vjud1N2m2LDNYAzMqPEPKZmHA3RhSSM5WSzX7DBs4,-3,7,y,0,0,0,0,true,844.565512000000,0.063247264000,0.063247264000,11.407635,0.000132666454,0.000009960862,6.771107,90.182832,-9249,true,532.493951
7,8ukxELJzJVQNt34wnBqWHmcbBZt12KsTUHJUpvTqSoRs,MEFNBXixkEbait3xn9bkm8WsJzXtVsaJEn4c8Sam21u,So11111111111111111111111111111111111111112,MEFNBXixkEbait3xn9bkm8WsJzXtVsaJEn4c8Sam21u,ME,138,137,200,0,FK59oXfuGwsxPT31PFZw797PdNUDi6uoX6zAk8UTUbDv,1,67,y,0,0,0,0,true,1.534167000000,0.031879851000,0.031879851000,5.750031,0.015073827165,0.001285838611,7.692842,90.182832,-9147,true,204072.838182
8,3je3Bp8xHGFbt3T3auAciGWkSAxV9xsDxQhXx1LDHvdx,MEFNBXixkEbait3xn9bkm8WsJzXtVsaJEn4c8Sam21u,So11111111111111111111111111111111111111112,MEFNBXixkEbait3xn9bkm8WsJzXtVsaJEn4c8Sam21u,ME,363,362,75,0,DW43LXLJpyJSVoTKHt9qsV7anxJyh2kUDqDrc61Ym3YL,5,12,y,0,0,0,0,true,54.515574000000,0.007549906000,0.007549906000,1.361744,0.014952363360,0.001285838611,7.755334,90.182832,-9140,true,204072.838182
9,qtTrqruNgr3Wqd5U2EmyZrcB5KCceNgZJDsPxapgSff,AuQaustGiaqxRvj2gtCdrd22PBzTn8kM3kEPEkZCtuDw,So11111111111111111111111111111111111111112,AuQaustGiaqxRvj2gtCdrd22PBzTn8kM3kEPEkZCtuDw,ADX,-275,-276,80,0,E2x6CHrz4NBxMotYEFsGDaT9qq96z1XGFHLWLfLYFfQY,-4,4,y,0,0,0,0,true,422.757171000000,0.055660599000,0.055660599000,10.039261,0.000110890193,0.000009960862,8.100795,90.182832,-9102,true,532.493951
10,Hn4DhXKcTBQFCYDYzDGCMED9nb97vz1kPZjtNmFibcGQ,AuQaustGiaqxRvj2gtCdrd22PBzTn8kM3kEPEkZCtuDw,So11111111111111111111111111111111111111112,AuQaustGiaqxRvj2gtCdrd22PBzTn8kM3kEPEkZCtuDw,ADX,-117,-118,200,0,56XHgqiR3LhZq4RMJ8w4gYf6cnyGWoFayfqSg8tUUtFP,-2,22,y,0,0,0,0,true,1569.554736000000,0.241838448000,0.241838448000,43.619352,0.000096645076,0.000009960862,9.294822,90.182832,-8969,true,532.493951
11,4cEMEVJ9QKLdMSqvePPUF1ZXRK56xez8EzZx7qine1wi,4LLbsb5ReP3yEtYzmXewyGjcir5uXtKFURtaEUVC2AHs,So11111111111111111111111111111111111111112,4LLbsb5ReP3yEtYzmXewyGjcir5uXtKFURtaEUVC2AHs,PRCL,178,177,25,0,bKzxQrmHyALf8Ty3rLwAGdb5ghYdssf3KQ4MzZNry5w,2,37,y,0,0,0,0,true,1281.664894000000,0.205459893000,0.205459893000,37.057910,0.001555734521,0.000168158403,9.747808,90.182832,-8919,true,19178.400823
12,Hn3kYbBZ6aRQuLBEs6QTSTyQ2hx2r6PvJoK4HjY2NrEa,4LLbsb5ReP3yEtYzmXewyGjcir5uXtKFURtaEUVC2AHs,So11111111111111111111111111111111111111112,4LLbsb5ReP3yEtYzmXewyGjcir5uXtKFURtaEUVC2AHs,PRCL,19,18,200,0,sSjvBpBJ87amtHQ2WuqaEC1MzAwXTpZ33jzQnjZfJqY,0,18,y,0,0,0,0,true,20.439405000000,0.055228017000,0.055228017000,9.961238,0.001428246248,0.000168158403,10.617918,90.182832,-8823,true,19178.400823
13,4v5i9uquPvgXfE6HDZV3qqXYaKeUfMjXC9bQm8hn8DMu,4LLbsb5ReP3yEtYzmXewyGjcir5uXtKFURtaEUVC2AHs,So11111111111111111111111111111111111111112,4LLbsb5ReP3yEtYzmXewyGjcir5uXtKFURtaEUVC2AHs,PRCL,33,32,100,0,5QdsRMA9FT5HrgiD2mmbwVWrYyvJDqDYCH5iM1d6U5B2,0,32,y,0,0,0,0,true,9.823810000000,0.015131018000,0.015131018000,2.729116,0.001374940679,0.000168158403,11.029568,90.182832,-8777,true,19178.400823
14,8mvb1k5GWf977PtM9nNDADVaeiBfwBYbrUw4WR2pss9N,HZ1JovNiVvGrGNiiYvEozEVgZ58xaU3RKwX8eACQBCt3,So11111111111111111111111111111111111111112,HZ1JovNiVvGrGNiiYvEozEVgZ58xaU3RKwX8eACQBCt3,PYTH,582,581,25,0,Fm1J8FRggHRAc1WyHjPMXFAYkRb7a4NDDRaKLYCLdBPH,8,21,y,0,0,0,0,true,106.654301000000,0.023005268000,0.023005268000,4.149360,0.004266045968,0.000522001586,11.034945,90.182832,-8776,true,99654.188229
15,GQCtxJo7tTCprRLssJ3NWG6NhD24TUu7a6ZaoFauuXe5,MEFNBXixkEbait3xn9bkm8WsJzXtVsaJEn4c8Sam21u,So11111111111111111111111111111111111111112,MEFNBXixkEbait3xn9bkm8WsJzXtVsaJEn4c8Sam21u,ME,116,115,200,0,ChWmJXfYb3WbYYDBNtbgSVY3hq7T1Xwh9QML9XEfZZGj,1,45,y,0,0,0,0,true,239.906558000000,0.344307101000,0.344307101000,62.101179,0.009750339833,0.001285838611,11.892977,90.182832,-8681,true,204072.838182
16,CVvxB22CKc2o2RiHVnyhHQVAngtKzyGkQFB3UPqD4HdL,85VBFQZC9TZkfaptBWjvUw7YbZjy52A6mjtPGjstQAmQ,So11111111111111111111111111111111111111112,85VBFQZC9TZkfaptBWjvUw7YbZjy52A6mjtPGjstQAmQ,W,25,24,125,0,H7qgBfnKWHHpi4ixfTehtgSGDceS23rCG498zFeAEbDZ,0,24,y,0,0,0,0,true,403.108485000000,0.128533068000,0.128533068000,23.182952,0.001347351050,0.000191754190,12.834766,90.182832,-8577,true,185879.161908
17,6PCqu87W3DtF7AAAS2idox4JY3EwqtnUMpjpjJvRiD9V,MEFNBXixkEbait3xn9bkm8WsJzXtVsaJEn4c8Sam21u,So11111111111111111111111111111111111111112,MEFNBXixkEbait3xn9bkm8WsJzXtVsaJEn4c8Sam21u,ME,214,213,100,0,9LGR5W2gGKzDNDoJerXFqZMeZTyikA73ZZui3ZSUk6wQ,3,3,y,0,0,0,0,true,349.460415000000,0.338997049000,0.338997049000,61.143428,0.008326310757,0.001285838611,13.927005,90.182832,-8456,true,204072.838182
18,G77WwVpk8r6PPs8VnWuJXxYHCAhxGoZDpE1qyTPXT5a6,LAYER4xPpTCb3QL8S9u41EAhAX7mhBn8Q6xMTwY2Yzc,So11111111111111111111111111111111111111112,LAYER4xPpTCb3QL8S9u41EAhAX7mhBn8Q6xMTwY2Yzc,LAYER,-534,-535,100,0,Ddok7FHR8NY5hHcn3QKJ6hbxCWPrsMQUKCm1hPWajmoV,-8,25,y,0,0,0,0,true,2.248563251000,0.012893917000,0.012893917000,2.325620,0.004876014925,0.000890196158,16.464349,90.182832,-8174,true,272.629561
19,Bue5ZAJJdDMmeuzAuokJSouZdrbBWKf1q58GL5836yPj,FRAGMEWj2z65qM62zqKhNtwNFskdfKs4ekDUDX3b4VD5,So11111111111111111111111111111111111111112,FRAGMEWj2z65qM62zqKhNtwNFskdfKs4ekDUDX3b4VD5,FRAG,-1129,-1130,80,0,DEjd8NyVF53P7cWFnv2GHpF4qMXpfghfdgsD9YcCV2qv,-17,60,y,0,0,0,0,true,26118.256473358000,0.096288230000,0.096288230000,17.367091,0.000122913254,0.000023866136,17.510851,90.182832,-8058,true,2958.379511
20,G24MjvgCoQYoEFTrhBwBpkWe5H8c2kTFoCxY3twokTXK,So11111111111111111111111111111111111111112,85VBFQZC9TZkfaptBWjvUw7YbZjy52A6mjtPGjstQAmQ,85VBFQZC9TZkfaptBWjvUw7YbZjy52A6mjtPGjstQAmQ,W,0,1,400,0,5ubCVADhz8JdCMKRP9KArBaGizreXRALD17L5Xt4Rpgq,0,1,x,0,0,0,0,true,0.070928258000,267.639542000000,0.070928258000,12.793022,1040.000000000000,5215.009911331140,17.984653,90.182832,-8006,true,185879.161908
21,4XkEtkH9UaxSiwbQojzgfBf2jtNofCrsdTFcdm7LXX6q,LAYER4xPpTCb3QL8S9u41EAhAX7mhBn8Q6xMTwY2Yzc,So11111111111111111111111111111111111111112,LAYER4xPpTCb3QL8S9u41EAhAX7mhBn8Q6xMTwY2Yzc,LAYER,-219,-220,250,0,41DV6x1S5jXDKLppBUKdvfRteBgZioczgFt3JDev4q4d,-4,60,y,0,0,0,0,true,1.364016065000,0.005777925000,0.005777925000,1.042139,0.004372699308,0.000890196158,18.359463,90.182832,-7964,true,272.629561
22,EVmotQBiQ1dq7tjPUFi61yL5hXJMVsCViVTM3LbJRyLx,MEFNBXixkEbait3xn9bkm8WsJzXtVsaJEn4c8Sam21u,So11111111111111111111111111111111111111112,MEFNBXixkEbait3xn9bkm8WsJzXtVsaJEn4c8Sam21u,ME,75,74,250,0,2tmt63Yi8GKq3Kvvh7zQ2BwnPh6zqvMmRapAUszskh5s,1,4,y,0,0,0,0,true,45.473465000000,0.070255379000,0.070255379000,12.671658,0.006216787733,0.001285838611,18.652811,90.182832,-7932,true,204072.838182
23,5HypN4KZp5A3PNoKsX94jyT4anVj5Ge6RSSZEe49zXGJ,MEFNBXixkEbait3xn9bkm8WsJzXtVsaJEn4c8Sam21u,So11111111111111111111111111111111111111112,MEFNBXixkEbait3xn9bkm8WsJzXtVsaJEn4c8Sam21u,ME,182,181,100,0,EN6MCxZZfZDSTzrEowWctFVWnjwSgAgifCoor91xDnDX,2,41,y,0,0,0,0,true,1.329659000000,0.013701862000,0.013701862000,2.471345,0.006055759995,0.001285838611,19.148805,90.182832,-7877,true,204072.838182
24,5Dj73zCRaLiKviecZYZLqjhzXAJzufYHQu9A23eDJFCr,DriFtupJYLTosbwoN8koMbEYSx54aFAVLddWsbksjwg7,So11111111111111111111111111111111111111112,DriFtupJYLTosbwoN8koMbEYSx54aFAVLddWsbksjwg7,DRIFT,1475,1474,10,0,EwpYZ4HnvSRAejiFG6voMjAeL2aAD4JVk333Auo7E7if,21,4,y,0,0,0,0,true,8.026455000000,0.037962008000,0.037962008000,6.847043,0.004363452016,0.000942944442,19.488561,90.182832,-7839,true,30231.600730
25,4AmnuqspC1XQdwvskr7oMebN1EG8e8ueNHjyfm4d9dav,LAYER4xPpTCb3QL8S9u41EAhAX7mhBn8Q6xMTwY2Yzc,So11111111111111111111111111111111111111112,LAYER4xPpTCb3QL8S9u41EAhAX7mhBn8Q6xMTwY2Yzc,LAYER,-693,-694,80,0,FJjeWLHWdFJrQSYcg4jHswxmiCAqzm6hVGqP3o1x5LzA,-10,6,y,0,0,0,0,true,30.205435444000,0.093315996000,0.093315996000,16.831002,0.003966347089,0.000890196158,20.240390,90.182832,-7756,true,272.629561
26,4vRF8EbJHFPHfEF3j2zZwXcAypnmcUcuep3UX7gEthTz,MEFNBXixkEbait3xn9bkm8WsJzXtVsaJEn4c8Sam21u,So11111111111111111111111111111111111111112,MEFNBXixkEbait3xn9bkm8WsJzXtVsaJEn4c8Sam21u,ME,141,140,125,0,DCBg1tvnsk8Ld1KJNd7iArvj2VJyDbWvyhoWs4f1N7NF,2,0,y,0,0,0,0,true,473.117178000000,0.165181030000,0.165181030000,29.792986,0.005692518676,0.001285838611,20.370696,90.182832,-7741,true,204072.838182
27,4rqqTnGAuDGnmhw7oJQ5cStWCYsA6x6ZxZcx8NXvx9xa,LAYER4xPpTCb3QL8S9u41EAhAX7mhBn8Q6xMTwY2Yzc,So11111111111111111111111111111111111111112,LAYER4xPpTCb3QL8S9u41EAhAX7mhBn8Q6xMTwY2Yzc,LAYER,-559,-560,100,0,6YhmtVB4M6vogwji1RZaCNJsY6C7rK6tBAorzob1QXB8,-8,0,y,0,0,0,0,true,52.935739447000,0.269033875000,0.269033875000,48.524474,0.003802162566,0.000890196158,21.114408,90.182832,-7659,true,272.629561
28,6JWqGLA9MfY5C26x1XBnwgBj1mpqv7YGfKLT1cvixcTz,4LLbsb5ReP3yEtYzmXewyGjcir5uXtKFURtaEUVC2AHs,So11111111111111111111111111111111111111112,4LLbsb5ReP3yEtYzmXewyGjcir5uXtKFURtaEUVC2AHs,PRCL,-332,-333,10,0,z81c7SMP3Aagd4vvyq2hNnWNNfu94oR6B35QMXch8Nt,-5,17,y,0,0,0,0,true,37.802607000000,0.010485383000,0.010485383000,1.891203,0.000716889467,0.000168158403,21.153890,90.182832,-7654,true,19178.400823
29,AQ9g76zB2KzkDbPuH4EyTQmaeVDRdeX5UMUrknCHYjFk,MEFNBXixkEbait3xn9bkm8WsJzXtVsaJEn4c8Sam21u,So11111111111111111111111111111111111111112,MEFNBXixkEbait3xn9bkm8WsJzXtVsaJEn4c8Sam21u,ME,137,136,125,0,u3kgd9dTfhnRDNEed1shYRXV4mauYUFZ1WcxwWs344o,1,66,y,0,0,0,0,true,1365.807114000000,0.012417234000,0.012417234000,2.239643,0.005416569708,0.001285838611,21.408488,90.182832,-7626,true,204072.838182
30,3Qv4eH8Zm87Y4J6aeWnsoXaKtUYNNJfs6W2oAf4TWTHL,DriFtupJYLTosbwoN8koMbEYSx54aFAVLddWsbksjwg7,So11111111111111111111111111111111111111112,DriFtupJYLTosbwoN8koMbEYSx54aFAVLddWsbksjwg7,DRIFT,139,138,100,0,5YAr3AedXjKQZkghdAECBSHr5L6PzyAazZgUKHeqMdmb,1,68,y,0,0,0,0,true,10.058178000000,0.042589015000,0.042589015000,7.681596,0.003947749453,0.000942944442,21.540729,90.182832,-7611,true,30231.600730
31,9XFpDNxLSmnNKAT2Vrm8T2KEX71LTUe13oEBJTE3fPk6,LAYER4xPpTCb3QL8S9u41EAhAX7mhBn8Q6xMTwY2Yzc,So11111111111111111111111111111111111111112,LAYER4xPpTCb3QL8S9u41EAhAX7mhBn8Q6xMTwY2Yzc,LAYER,-563,-564,100,0,GUnQZtd4CsAZNXkzmUaAJRtBYPMTCjLUTQa96bvY7Gya,-9,66,y,0,0,0,0,true,42.274316852000,0.165916413000,0.165916413000,29.925624,0.003653803493,0.000890196158,21.971737,90.182832,-7564,true,272.629561
32,6jjGocGMvwtzXkUT1aA8S7XuyaGcaR17ZKiL1eqBJ9on,4k3Dyjzvzp8eMZWUXbBCjEvwSkkk59S5iCNLY3QrkX6R,So11111111111111111111111111111111111111112,4k3Dyjzvzp8eMZWUXbBCjEvwSkkk59S5iCNLY3QrkX6R,RAY,3320,3319,10,0,F8pnGUpYPgbqfzjuDhSg6JEdhVPYQ2UZeHB42p5CinJY,47,29,y,0,0,0,0,true,4.473990000000,0.122307923000,0.122307923000,22.060150,0.027586916087,0.007010871073,22.918843,90.182832,-7459,true,6471273.865592
33,7GeCPxEeoJMidLa7kS9tLdEvmRiJyoNsYJMYizeYiuqr,LAYER4xPpTCb3QL8S9u41EAhAX7mhBn8Q6xMTwY2Yzc,So11111111111111111111111111111111111111112,LAYER4xPpTCb3QL8S9u41EAhAX7mhBn8Q6xMTwY2Yzc,LAYER,-2834,-2835,20,0,kG3uZpC9dJhters7BzV3eYCcmQU9KFdsub9bGA7BnJ4,-41,35,y,0,0,0,0,true,4832.163730153000,1.998899267000,1.998899267000,360.532795,0.003467444025,0.000890196158,23.152619,90.182832,-7433,true,272.629561
34,7Rb5YQxmAvewBxaYrEGjKtqRaVNnRAhvwtxKstfZ9RAK,J6pQQ3FAcJQeWPPGppWRb4nM8jU3wLyYbRrLh7feMfvd,So11111111111111111111111111111111111111112,J6pQQ3FAcJQeWPPGppWRb4nM8jU3wLyYbRrLh7feMfvd,2Z,-1714,-1715,20,0,3WvkGWLgmGHFHTnd7n7UZrLVuDMhefzXRyzeuk3uveGF,-25,35,y,0,0,0,0,true,0.000000080000,0.030291973000,0.030291973000,5.463632,0.003249807031,0.000868547940,24.102389,90.182832,-7327,true,519913.818218
35,8tHE4ufDrbouRBo1xwi7dFaMRH61wXa2BCSE326cvDTY,So11111111111111111111111111111111111111112,jtojtomepa8beP8AuQc6eXt5FriJwfFMwQx2v2f9mCL,jtojtomepa8beP8AuQc6eXt5FriJwfFMwQx2v2f9mCL,JTO,593,594,75,0,5VNB41jMDM3ag5rUNrjsd9ipKuvkqMeTTHiLSZbpBE4J,8,34,x,0,0,0,0,true,0.393403448000,96.355945648000,0.393403448000,70.956474,84.637447810560,303.659048621152,25.136234,90.182832,-7213,true,101696.854574
36,7DGMZ7zTy1jNVB2vUp8VAUnp4VqnKLGktEGRYRnegJax,J6pQQ3FAcJQeWPPGppWRb4nM8jU3wLyYbRrLh7feMfvd,So11111111111111111111111111111111111111112,J6pQQ3FAcJQeWPPGppWRb4nM8jU3wLyYbRrLh7feMfvd,2Z,-350,-351,100,0,BURddbi7xtNDL9P913eKzNarMv8c9Ldyy4pDzgA5jpYC,-6,69,y,0,0,0,0,true,0.961593520000,0.058020948000,0.058020948000,10.464987,0.003042270332,0.000868547940,25.746599,90.182832,-7145,true,519913.818218
37,8KRxaR5tybokp3t3szCXcGFofub4iqsXkUQLWc9nacwK,J6pQQ3FAcJQeWPPGppWRb4nM8jU3wLyYbRrLh7feMfvd,So11111111111111111111111111111111111111112,J6pQQ3FAcJQeWPPGppWRb4nM8jU3wLyYbRrLh7feMfvd,2Z,-443,-444,80,0,Co5UWapnDkaFgUkD5w9UBZPS3MwFNVg81v3rZHymPMnE,-7,46,y,0,0,0,0,true,3.244831340000,0.012760401000,0.012760401000,2.301538,0.002907526913,0.000868547940,26.939772,90.182832,-7013,true,519913.818218
38,HYyRsKUPUMeTzmDiYssqCHdYdYHxjkQvf9nS81DEXy3U,STREAMribRwybYpMmSYoCsQUdr6MZNXEqHgm7p1gu9M,So11111111111111111111111111111111111111112,STREAMribRwybYpMmSYoCsQUdr6MZNXEqHgm7p1gu9M,STREAM,-135,-136,100,0,2ATyzEL8u1X9ew1n6bDZ4N6mygsbAgXrPnR1BWyRYvKk,-2,4,y,0,0,0,0,true,16.792069000000,0.007321618000,0.007321618000,1.320568,0.000258400390,0.000077760068,27.138594,90.182832,-6991,true,925.928717
39,2U4pznjzSe6M82CFmsyt5vUhn2sP2HmQdpTzGra1cyRb,4k3Dyjzvzp8eMZWUXbBCjEvwSkkk59S5iCNLY3QrkX6R,So11111111111111111111111111111111111111112,4k3Dyjzvzp8eMZWUXbBCjEvwSkkk59S5iCNLY3QrkX6R,RAY,396,395,80,0,pSDm9z2WSiZ2fLqwJU3hc1vvdSbbiApb6Gr3zkHiFbp,5,45,y,0,0,0,0,true,0.384792000000,0.006895402000,0.006895402000,1.243694,0.023276098333,0.007010871073,27.163496,90.182832,-6988,true,6471273.865592
40,7Rmj8zCGF4C58nHejp6m7eb6c5fRkgTrzGx4QCNaH2FK,STREAMribRwybYpMmSYoCsQUdr6MZNXEqHgm7p1gu9M,So11111111111111111111111111111111111111112,STREAMribRwybYpMmSYoCsQUdr6MZNXEqHgm7p1gu9M,STREAM,-54,-55,250,0,Hdfs5P3rWVLccnRMeB2raTpxxTxRSZEwmnRWrHFBxTRK,-1,15,y,0,0,0,0,true,414.468284000000,0.082353635000,0.082353635000,14.853768,0.000257150518,0.000077760068,27.270500,90.182832,-6976,true,925.928717
41,2MbpKts6r2TYXuSQtEurKEsxkf3Ym6QAPjumrVZbZmU7,FRAGMEWj2z65qM62zqKhNtwNFskdfKs4ekDUDX3b4VD5,So11111111111111111111111111111111111111112,FRAGMEWj2z65qM62zqKhNtwNFskdfKs4ekDUDX3b4VD5,FRAG,-242,-243,400,0,ADMQHfUjD8wtCX8Ay5bPK38qPYeoJELytWvFX5CXbPAa,-4,37,y,0,0,0,0,true,16826.756121801998,0.067918571000,0.067918571000,12.250178,0.000072593636,0.000023866136,29.648821,90.182832,-6712,true,2958.379511
42,4zuK6Nrg8JgDqeKhnpRiGVdmP8PEUaQvvX6tSwu9Kxyt,FRAGMEWj2z65qM62zqKhNtwNFskdfKs4ekDUDX3b4VD5,So11111111111111111111111111111111111111112,FRAGMEWj2z65qM62zqKhNtwNFskdfKs4ekDUDX3b4VD5,FRAG,-958,-959,100,0,JGjjUsniGrSUc4J23jb9PM2QSF8U2wEghpKVUPMn2gK,-14,21,y,0,0,0,0,true,87954.819853503999,0.077710688000,0.077710688000,14.016340,0.000071746801,0.000023866136,29.998769,90.182832,-6674,true,2958.379511
43,CSKmszSiR1Gy9P3L7eqFQK9GZL7uAKLkdguSEvh9C5vU,J6pQQ3FAcJQeWPPGppWRb4nM8jU3wLyYbRrLh7feMfvd,So11111111111111111111111111111111111111112,J6pQQ3FAcJQeWPPGppWRb4nM8jU3wLyYbRrLh7feMfvd,2Z,-3647,-3648,10,0,BgRqFwbGjepDNDaejD5nNUEJi1z1Djt8WbsiynzPcEHd,-53,62,y,0,0,0,0,true,18.199050900000,0.049653927000,0.049653927000,8.955864,0.002609067743,0.000868547940,30.021495,90.182832,-6671,true,519913.818218
44,9rRnKpyn5ZyEjZfe92UVvYFhAr5DyPoJ5p2D6AqEdzCh,DriFtupJYLTosbwoN8koMbEYSx54aFAVLddWsbksjwg7,So11111111111111111111111111111111111111112,DriFtupJYLTosbwoN8koMbEYSx54aFAVLddWsbksjwg7,DRIFT,495,494,20,0,H7ZUwrr53hXtq8Q12SMokVhb5iiENVELE8qxP8eFupwE,7,4,y,0,0,0,0,true,6.941320000000,0.026210245000,0.026210245000,4.727428,0.002683208595,0.000942944442,31.692430,90.182832,-6486,true,30231.600730
45,8G9HNaMUk6gNRe5o7TDxTwwavRgFKzAtVdd54w82vum7,So11111111111111111111111111111111111111112,85VBFQZC9TZkfaptBWjvUw7YbZjy52A6mjtPGjstQAmQ,85VBFQZC9TZkfaptBWjvUw7YbZjy52A6mjtPGjstQAmQ,W,246,247,25,0,B5BjLgQ9EcmxT8LoY7FvA9hsvfg43suhzykZt16guGQ3,3,37,x,0,0,0,0,true,0.426242231000,13476.107067999999,0.426242231000,76.879463,1852.858180046076,5215.009911331140,32.041358,90.182832,-6447,true,185879.161908
46,HU3EkcDbWmuSDvueTUAvXdYy1sj7WgoLre5Z1hqMRSw,JUPyiwrYJFskUPiHa7hkeR8VUtAeFoSYbKedZNsDvCN,So11111111111111111111111111111111111111112,JUPyiwrYJFskUPiHa7hkeR8VUtAeFoSYbKedZNsDvCN,JUP,8141,8140,2,0,GhSiFS3w9LZLZnrkF99fAXjEDvemJXRzt7wz7SHQYd9h,116,20,y,0,0,0,0,true,11.977172000000,0.046564868000,0.046564868000,8.398703,0.005092848097,0.001816505401,32.166206,90.182832,-6433,true,4578765.953528
47,DEk6hUoP4v4SZQuirF1zBqg5sraKXCd9ehQGwzqpHcUZ,J6pQQ3FAcJQeWPPGppWRb4nM8jU3wLyYbRrLh7feMfvd,So11111111111111111111111111111111111111112,J6pQQ3FAcJQeWPPGppWRb4nM8jU3wLyYbRrLh7feMfvd,2Z,-1867,-1868,20,0,7qotd4UW5awZ4FoduLNzVa4V5jnLhCUinFVhL1rXQJNJ,-27,22,y,0,0,0,0,true,21.495721100000,0.045565567000,0.045565567000,8.218464,0.002393845843,0.000868547940,32.720617,90.182832,-6372,true,519913.818218
48,2PNwYboAuBV6PJhRj4L43VfvgAmo85BbUCSDFC9BiW7R,HZ1JovNiVvGrGNiiYvEozEVgZ58xaU3RKwX8eACQBCt3,So11111111111111111111111111111111111111112,HZ1JovNiVvGrGNiiYvEozEVgZ58xaU3RKwX8eACQBCt3,PYTH,37,36,100,0,EBGwizyQbg2s4n4k3XebfDaABEdsrYPdveBw5EMXBatN,0,36,y,0,0,0,0,true,2.144840000000,0.011206659000,0.011206659000,2.021296,0.001430768784,0.000522001586,32.902298,90.182832,-6352,true,99654.188229
49,4YZ92Dctq4bWubtpEcWgPnrEscei8Pw1RbgAxTKmQFEn,BMBtwz6LFDJVJd2aZvL5F64fdvWP3RPn4NP5q9Xe15UD,So11111111111111111111111111111111111111112,BMBtwz6LFDJVJd2aZvL5F64fdvWP3RPn4NP5q9Xe15UD,BMB,-885,-886,100,0,5N8ZRiNA17jRRXmhzW76RojeVv2ghhb5xpZSTxwm4QvK,-13,24,y,0,0,0,0,true,1624.850639357000,0.245651376000,0.245651376000,44.307074,0.000148341555,0.000054541544,33.158011,90.182832,-6323,true,336.205180
50,CYhTPnm2HKzGxytki9b6BZf8ukLd2CTrvWtMywPFZfW7,J6pQQ3FAcJQeWPPGppWRb4nM8jU3wLyYbRrLh7feMfvd,So11111111111111111111111111111111111111112,J6pQQ3FAcJQeWPPGppWRb4nM8jU3wLyYbRrLh7feMfvd,2Z,-380,-381,100,0,65BiGWbCGEVE8LpJvYW5yTmYEAQQsySi2SKoU9ZYFj4S,-6,39,y,0,0,0,0,true,6.106223930000,0.015661247000,0.015661247000,2.824751,0.002257130082,0.000868547940,34.702525,90.182832,-6152,true,519913.818218
