rank,pair,token_x_mint,token_y_mint,non_wsol_mint,non_wsol_symbol,active_id,bin_step,status,active_bin_array,active_bin_array_index,active_bin_index,wsol_side,active_bin_amount_x,active_bin_amount_y,active_bin_liquidity_supply,active_bin_open_order_amount,active_bin_is_empty,reserve_x_ui_amount,reserve_y_ui_amount,wsol_reserve_ui_amount,estimated_tvl_usdc,active_price_y_per_x,fair_price_y_per_x,implied_wsol_usdc_price,reference_wsol_usdc_price,wsol_discount_bps,token_volume_24h_usd
1,DyGzi5rwC7M1YNwCqmQ1Z6C4rBJLnGczLY1TpQTeFVHZ,So11111111111111111111111111111111111111112,Grass7B4RdKfBCjTKgSqnXkqjwiGvQyFbuSCUJr3XXjs,Grass7B4RdKfBCjTKgSqnXkqjwiGvQyFbuSCUJr3XXjs,GRASS,-143,200,0,CfVakBWY7knSFVcxyY36xx6cMCsNYzyRbF2JDWN5HxNk,-3,67,x,0,0,0,0,true,0.022647337000,0.025229524000,0.022647337000,4.084802,0.058908157330,240.085750654291,0.022128,90.182832,-9998,225567.506812
2,F7hqCf4e7CWKT3WteUGQ6e3gfSqQT8vR1px1qbADrh8E,4daoTLufDmV3ods48Zh8rymaZKBLtgEvuH9qALYLbonk,So11111111111111111111111111111111111111112,4daoTLufDmV3ods48Zh8rymaZKBLtgEvuH9qALYLbonk,memecoin,-398,50,0,9cHV9E2GsjydF12n1K1kGoXpvCVgBFHBQMWmC4LQjpjY,-6,22,y,0,0,0,0,true,55.985945000000,0.006994153000,0.006994153000,1.261505,0.000137374910,0.000001264758,0.830279,90.182832,-9908,144040.668134
3,8LHhMPCjXSj96SV61F4whRB7kNrLBRQyuyWCkiHt19mN,3dQTr7ror2QPKQ3GbBCokJUmjErGg8kTJzdnYjNfvi3Z,So11111111111111111111111111111111111111112,3dQTr7ror2QPKQ3GbBCokJUmjErGg8kTJzdnYjNfvi3Z,BORG,-196,100,0,2JSVhiUFhfYRkw9kDrc1RNo24Xj9GbV97NmmsP3Yni2n,-3,14,y,0,0,0,0,true,6.273227949000,0.013871172000,0.013871172000,2.501883,0.142236395683,0.002304651248,1.461229,90.182832,-9838,324606.369803
4,38QUGqkhC3zzEmETBrqbuiyAizVyYJSs5HbzDekJnCDm,So11111111111111111111111111111111111111112,FUAfBo2jgks6gB4Z4LfZkqSZgzNucisEHqnNebaRxM1P,FUAfBo2jgks6gB4Z4LfZkqSZgzNucisEHqnNebaRxM1P,MELANIA,-87,400,0,EZNaCe5gvtTg6rMATWss7C6yNnFdDeZCkJ8msXJsYNDY,-2,53,x,0,0,0,0,true,0.018053397000,0.593247000000,0.018053397000,3.256213,32.968522237372,777.887555297540,3.822139,90.182832,-9576,140302.512301
5,G9BkRyQkF2e3TpUVgUihYHthCBmmt3D3ChvwmvSkfcid,8x5VqbHA8D7NkD52uNuS5nnt3PwA8pLD34ymskeSo2Wn,So11111111111111111111111111111111111111112,8x5VqbHA8D7NkD52uNuS5nnt3PwA8pLD34ymskeSo2Wn,ZEREBRO,61,80,0,DwnFfsjoDDGJ6vbN9rVsfHesyXnuFamvVArPGQwuDCqH,0,61,y,0,0,0,0,true,8.604375000000,0.018759216000,0.018759216000,3.383518,0.001625894862,0.000079284499,4.397640,90.182832,-9512,281439.018555
6,3vpjF64u4gCdvRsCyAoeQ2M2dXnnfKELCUNjCqr3y2JL,KENJSUYLASHUMfHyy5o4Hp2FdNqZg1AsUPhfH2kYvEP,So11111111111111111111111111111111111111112,KENJSUYLASHUMfHyy5o4Hp2FdNqZg1AsUPhfH2kYvEP,GRIFFAIN,88,80,0,325NViVrsb7fe8sGyynoYSLMomFBHrMnZCucmTwXhFH2,1,18,y,0,0,0,0,true,14.565852000000,0.023688878000,0.023688878000,4.272660,0.002016168502,0.000103352546,4.622940,90.182832,-9487,163645.748558
7,2dbPZ9KyKesz3Z6SR5w7UNeh4TGNA555QE6NLm6U9ewm,8x5VqbHA8D7NkD52uNuS5nnt3PwA8pLD34ymskeSo2Wn,So11111111111111111111111111111111111111112,8x5VqbHA8D7NkD52uNuS5nnt3PwA8pLD34ymskeSo2Wn,ZEREBRO,87,50,0,A9Np23WPqPrHgXLjaXfEjbquJgXkeBCvQscLbcq1FrCD,1,17,y,0,0,0,0,true,14.737994000000,0.036423662000,0.036423662000,6.569578,0.001543289398,0.000079284499,4.633027,90.182832,-9486,281439.018555
8,Da2yRgYC8W6aA98dFqEdpK2rggvybNKBSrFoYiabjche,8x5VqbHA8D7NkD52uNuS5nnt3PwA8pLD34ymskeSo2Wn,So11111111111111111111111111111111111111112,8x5VqbHA8D7NkD52uNuS5nnt3PwA8pLD34ymskeSo2Wn,ZEREBRO,8,400,0,99tLkV8jtGLKn9VkX5wzYb5f3HY8X2m7kEf1SYcXqKpG,0,8,y,0,0,0,0,true,14.836337000000,0.036915952000,0.036915952000,6.658370,0.001368569050,0.000079284499,5.224509,90.182832,-9421,281439.018555
9,7RtzdFm34zLWLVqu8zzUFtbdh88e1EUE6Gw6x1hgEzR4,FUAfBo2jgks6gB4Z4LfZkqSZgzNucisEHqnNebaRxM1P,So11111111111111111111111111111111111111112,FUAfBo2jgks6gB4Z4LfZkqSZgzNucisEHqnNebaRxM1P,MELANIA,361,80,0,7MjBVFQhtuQ9rYPioVh41xemjkdLsnvdkEF6Exdy3dqf,5,11,y,0,0,0,0,true,1.328719000000,0.054046747000,0.054046747000,9.748177,0.017752196298,0.001285532842,6.530628,90.182832,-9276,140302.512301
10,GhogdTf82z175rVHQCrLpd51LNPWbV972hwiqnmDgcto,KENJSUYLASHUMfHyy5o4Hp2FdNqZg1AsUPhfH2kYvEP,So11111111111111111111111111111111111111112,KENJSUYLASHUMfHyy5o4Hp2FdNqZg1AsUPhfH2kYvEP,GRIFFAIN,34,80,0,CqcU2P19Sa6ZNvc45QcgwaNzpFP2mezRTMt7YPcREP7q,0,34,y,0,0,0,0,true,72.627989000000,0.138240185000,0.138240185000,24.933783,0.001311167246,0.000103352546,7.108647,90.182832,-9212,163645.748558
11,GmyhG63AQa2qnUAU42meSnq9KyqQtaTpx2Qpq8swicRG,FUAfBo2jgks6gB4Z4LfZkqSZgzNucisEHqnNebaRxM1P,So11111111111111111111111111111111111111112,FUAfBo2jgks6gB4Z4LfZkqSZgzNucisEHqnNebaRxM1P,MELANIA,280,100,0,7ecP2LHakS1cqXTAYpngTq4XESP1ed8fF242de7FxRq5,4,0,y,0,0,0,0,true,4.901746000000,0.167998583000,0.167998583000,30.301176,0.016217528101,0.001285532842,7.148623,90.182832,-9207,140302.512301
12,DjViQiQX1HUSxmFmCR6ZCVYALdvn6dDdLzH4eNBvkvqb,4daoTLufDmV3ods48Zh8rymaZKBLtgEvuH9qALYLbonk,So11111111111111111111111111111111111111112,4daoTLufDmV3ods48Zh8rymaZKBLtgEvuH9qALYLbonk,memecoin,-831,50,0,9FuBGFcjF4or3nYfzipSXfcL23FbGBhVgVKRWZxRYiUF,-12,9,y,0,0,0,0,true,10830.097766000001,0.887273690000,0.887273690000,160.033709,0.000015849030,0.000001264758,7.196622,90.182832,-9202,144040.668134
13,8ukxELJzJVQNt34wnBqWHmcbBZt12KsTUHJUpvTqSoRs,MEFNBXixkEbait3xn9bkm8WsJzXtVsaJEn4c8Sam21u,So11111111111111111111111111111111111111112,MEFNBXixkEbait3xn9bkm8WsJzXtVsaJEn4c8Sam21u,ME,138,200,0,FK59oXfuGwsxPT31PFZw797PdNUDi6uoX6zAk8UTUbDv,1,68,y,0,0,0,0,true,1.534167000000,0.031879851000,0.031879851000,5.750031,0.015375303708,0.001285838611,7.542002,90.182832,-9164,204072.838182
14,HEc8J7mNTFpgaq5HWUq2cvrHFBq1pKxaKWBbWHcpedxE,FDQ77aHDgV6ozbv1b4WM5oXuHGV1cMnjSXpxvgSzpump,So11111111111111111111111111111111111111112,FDQ77aHDgV6ozbv1b4WM5oXuHGV1cMnjSXpxvgSzpump,BAGWORKOOR,-994,50,0,C3zHFj6pNmHRNEfresajmAVw34VQPeMiB6xgDHMucM8X,-15,56,y,0,0,0,0,true,2539.703271000000,0.020285409000,0.020285409000,3.658791,0.000007029665,0.000000590459,7.574938,90.182832,-9160,108356.336695
15,3je3Bp8xHGFbt3T3auAciGWkSAxV9xsDxQhXx1LDHvdx,MEFNBXixkEbait3xn9bkm8WsJzXtVsaJEn4c8Sam21u,So11111111111111111111111111111111111111112,MEFNBXixkEbait3xn9bkm8WsJzXtVsaJEn4c8Sam21u,ME,363,75,0,DW43LXLJpyJSVoTKHt9qsV7anxJyh2kUDqDrc61Ym3YL,5,13,y,0,0,0,0,true,54.515574000000,0.007549906000,0.007549906000,1.361744,0.015064506085,0.001285838611,7.697602,90.182832,-9146,204072.838182
16,DRgczzEkQVHVLEhgvvsvHBrAS5fe9nghn436YmnNiAqV,FDQ77aHDgV6ozbv1b4WM5oXuHGV1cMnjSXpxvgSzpump,So11111111111111111111111111111111111111112,FDQ77aHDgV6ozbv1b4WM5oXuHGV1cMnjSXpxvgSzpump,BAGWORKOOR,-2512,20,0,82azyWDupPqVvHeChy7AMeHfooxqCmtDasxXZQ5mX8x5,-36,8,y,0,0,0,0,true,731.299648000000,0.007282107000,0.007282107000,1.313442,0.000006611249,0.000000590459,8.054345,90.182832,-9107,108356.336695
17,GjVSuBRf33cGQZexDXfDrV76Xu6xn8pC89nNpFFYhLNp,FUAfBo2jgks6gB4Z4LfZkqSZgzNucisEHqnNebaRxM1P,So11111111111111111111111111111111111111112,FUAfBo2jgks6gB4Z4LfZkqSZgzNucisEHqnNebaRxM1P,MELANIA,261,100,0,4RWwxNmqBbviB1gzPtarZqinp52AfB5kfMCnXmVh7TEt,3,51,y,0,0,0,0,true,15.184702000000,0.483572238000,0.483572238000,87.219828,0.013423895333,0.001285532842,8.636315,90.182832,-9042,140302.512301
18,4qwxNaHk6LFaLJ2c4mMAVnpQt8uJmRSrj5WnDsT6x1q1,8Jx8AAHj86wbQgUTjGuj6GTTL5Ps3cqxKRTvpaJApump,So11111111111111111111111111111111111111112,8Jx8AAHj86wbQgUTjGuj6GTTL5Ps3cqxKRTvpaJApump,PENGUIN,-73,80,0,BxkQtTQU6DBGRNA7oCmscq5fehDJ33nHpCRUYS3vhBw8,-2,67,y,0,0,0,0,true,100.483135000000,0.090517811000,0.090517811000,16.326305,0.000558960548,0.000053736169,8.669807,90.182832,-9039,1329287.133287
19,Ceek3BsxMGR5tug7GB7xRG4g9SSrmb1x9b2HyeXFs7i3,DtR4D9FtVoTX2569gaL837ZgrB6wNjj6tkmnX9Rdk9B2,So11111111111111111111111111111111111111112,DtR4D9FtVoTX2569gaL837ZgrB6wNjj6tkmnX9Rdk9B2,aura,-2,125,0,75DHkrrxrwDSCfzzi3HqaXUDQVfJ1tngpZimFy61eujA,-1,68,y,0,0,0,0,true,6.580951000000,0.008709343000,0.008709343000,1.570866,0.000975461058,0.000095610267,8.839312,90.182832,-9020,683236.387113
20,7TY1m28Es8yuMVBvirmA1ypnCYG8zM52c4APSTBBxjmd,Df6yfrKC8kZE3KNkrHERKzAetSxbrWeniQfyJY4Jpump,So11111111111111111111111111111111111111112,Df6yfrKC8kZE3KNkrHERKzAetSxbrWeniQfyJY4Jpump,CHILLGUY,-5,125,0,9iyWyVf6fNhJY934YsGYqPbY6pzBmn1T2SXC7sKK1VkM,-1,65,y,0,0,0,0,true,289.586284000000,0.068952373000,0.068952373000,12.436641,0.000939777062,0.000093709086,8.992506,90.182832,-9003,204010.874585
21,EuNKoU3mGaHivvvp2xgdvxQpMKrBywj31PNew3Hx3pHf,FUAfBo2jgks6gB4Z4LfZkqSZgzNucisEHqnNebaRxM1P,So11111111111111111111111111111111111111112,FUAfBo2jgks6gB4Z4LfZkqSZgzNucisEHqnNebaRxM1P,MELANIA,316,80,0,2SKwTvz4tkn2oaYn5Djv5E8PoizoZA6n47DS6gP4Jnvn,4,36,y,0,0,0,0,true,82.144321000000,0.021291270000,0.021291270000,3.840214,0.012403040066,0.001285532842,9.347143,90.182832,-8964,140302.512301
22,4fBUZDPhTkAo3hvc4QC8ubx6gRHMmixFvjHXt7bB3TAD,KENJSUYLASHUMfHyy5o4Hp2FdNqZg1AsUPhfH2kYvEP,So11111111111111111111111111111111111111112,KENJSUYLASHUMfHyy5o4Hp2FdNqZg1AsUPhfH2kYvEP,GRIFFAIN,-22,10,0,DY9JZeGTvcf6kZcMBq27yWw4EZNU9BMaDiYZM4k1NXmu,-1,48,y,0,0,0,0,true,5.962733000000,0.005851323000,0.005851323000,1.055378,0.000978250989,0.000103352546,9.527847,90.182832,-8943,163645.748558
23,oxQHbA4tMxenSjGcu2MBfYoRsLZ9SbxnNF68wBQpmjU,74SBV4zDXxTRgv1pEMoECskKBkZHc2yGPnc7GYVepump,So11111111111111111111111111111111111111112,74SBV4zDXxTRgv1pEMoECskKBkZHc2yGPnc7GYVepump,swarms,-34,125,0,t8XGhLxWmMvQ6idzojZR8BetKiQyfqtriuwpPNeuXqW,-1,36,y,0,0,0,0,true,130.185042000000,0.171617720000,0.171617720000,30.953944,0.000655494294,0.000071385784,9.821248,90.182832,-8911,241714.796564
24,7JhWoZMEMFnWKjLaKNLHZA8owqcc5tZUkcw1uYioVk2n,So11111111111111111111111111111111111111112,FUAfBo2jgks6gB4Z4LfZkqSZgzNucisEHqnNebaRxM1P,FUAfBo2jgks6gB4Z4LfZkqSZgzNucisEHqnNebaRxM1P,MELANIA,-2435,10,0,5XBMmaB4FRfnHiYJxvrzXY2SGbRmJEScHSLMzqcGEFh4,-35,15,x,0,0,0,0,true,0.147408688000,7.018669000000,0.147408688000,26.587466,87.704391121406,777.887555297540,10.167833,90.182832,-8873,140302.512301
25,4HcwAWSFDwoPuD1zEwnv9P1hnYcWg9Rrz7nrmV3idjKs,FUAfBo2jgks6gB4Z4LfZkqSZgzNucisEHqnNebaRxM1P,So11111111111111111111111111111111111111112,FUAfBo2jgks6gB4Z4LfZkqSZgzNucisEHqnNebaRxM1P,MELANIA,122,200,0,56MMW9UfJ6cTEQMXn4Bptc7EytwbY3boFwaWHWKeP9r5,1,52,y,0,0,0,0,true,4.851152000000,0.011723340000,0.011723340000,2.114488,0.011200075621,0.001285532842,10.351090,90.182832,-8852,140302.512301
26,9H3dkdZd4XConVuC1MzHSpxzd3URZabJzroMwSqFL1Sv,8Jx8AAHj86wbQgUTjGuj6GTTL5Ps3cqxKRTvpaJApump,So11111111111111111111111111111111111111112,8Jx8AAHj86wbQgUTjGuj6GTTL5Ps3cqxKRTvpaJApump,PENGUIN,-96,80,0,DZXeMQPY8bs6Fxo2ofuqkCgKWvAkJzGLHb78BLaxVPLN,-2,44,y,0,0,0,0,true,10.676642000000,0.014596346000,0.014596346000,2.632680,0.000465359857,0.000053736169,10.413618,90.182832,-8845,1329287.133287
27,5CqyhAvKFxkpBNNAMRBcnen7LWoWgnrtRSiBnju8feAB,GMvCfcZg8YvkkQmwDaAzCtHDrrEtgE74nQpQ7xNabonk,So11111111111111111111111111111111111111112,GMvCfcZg8YvkkQmwDaAzCtHDrrEtgE74nQpQ7xNabonk,1,-47,400,0,5DgafE89mFYbkrqdVEZvY7wFcMRES79app66ipeDtHBs,-1,23,y,0,0,0,0,true,170.055618000000,0.020742086000,0.020742086000,3.741160,0.000158282555,0.000018867362,10.749840,90.182832,-8808,152425.671424
28,GdxwTrNwFZZ5xPxvf2zYUVDrax8hbF8MKgP7KYix3guh,FUAfBo2jgks6gB4Z4LfZkqSZgzNucisEHqnNebaRxM1P,So11111111111111111111111111111111111111112,FUAfBo2jgks6gB4Z4LfZkqSZgzNucisEHqnNebaRxM1P,MELANIA,296,80,0,2tkfXjskxseXmNKFz8YoJrXu8Z4MJZqqzYS4YE2NGzNF,4,16,y,0,0,0,0,true,0.402215000000,0.006152222000,0.006152222000,1.109650,0.010575904108,0.001285532842,10.961994,90.182832,-8784,140302.512301
29,B5X3rjuLN8Midd7vyCQmT8u3zdRgfMh1apXHMneXfJDW,6AJcP7wuLwmRYLBNbi825wgguaPsWzPBEHcHndpRpump,So11111111111111111111111111111111111111112,6AJcP7wuLwmRYLBNbi825wgguaPsWzPBEHcHndpRpump,VINE,75,50,0,7vETxcxaRqd8VKrcdQdp8LRvjKCi1otsPyPFEKJFfaXh,1,5,y,0,0,0,0,true,15.934600000000,0.025167563000,0.025167563000,4.539364,0.001453632525,0.000180984776,11.228230,90.182832,-8755,249402.599752
30,5bopzb2NHjVj4qJWFqWZd1SkbGUBcebJd61FXEcbayY7,DtR4D9FtVoTX2569gaL837ZgrB6wNjj6tkmnX9Rdk9B2,So11111111111111111111111111111111111111112,DtR4D9FtVoTX2569gaL837ZgrB6wNjj6tkmnX9Rdk9B2,aura,-34,80,0,561TNGRCWRidzTb2uqoEY83ficWWEAoat6WxVfx7HYSK,-1,36,y,0,0,0,0,true,514.761638000000,0.415690490000,0.415690490000,74.976292,0.000762679210,0.000095610267,11.305415,90.182832,-8746,683236.387113
31,6m94PPAQ1d5fDziwHGVXCpzvbTLn39iPZypRiMcrwsen,6AJcP7wuLwmRYLBNbi825wgguaPsWzPBEHcHndpRpump,So11111111111111111111111111111111111111112,6AJcP7wuLwmRYLBNbi825wgguaPsWzPBEHcHndpRpump,VINE,441,8,0,4BJbKMg7sB7tWQo2tdYdr8Aorvk6RjgqdvMxuE1ZW6kz,6,21,y,0,0,0,0,true,7.339472000000,0.011253040000,0.011253040000,2.029662,0.001422845807,0.000180984776,11.471180,90.182832,-8728,249402.599752
32,F7wzraGdrhrHAqKF5Ujav92kHmTCGW6g4Dqcnp9baE6J,5UUH9RTDiSpq6HKS6bp4NdU9PNJpXRXuiw6ShBTBhgH2,So11111111111111111111111111111111111111112,5UUH9RTDiSpq6HKS6bp4NdU9PNJpXRXuiw6ShBTBhgH2,TROLL,95,20,0,AErAiZVi3pt2WuxxxQjFFhKHF9PArY8yHV6i3efnFfau,1,25,y,0,0,0,0,true,17.635926000000,0.019667935000,0.019667935000,3.547420,0.001209020168,0.000154957110,11.558509,90.182832,-8718,379555.116543
33,GQCtxJo7tTCprRLssJ3NWG6NhD24TUu7a6ZaoFauuXe5,MEFNBXixkEbait3xn9bkm8WsJzXtVsaJEn4c8Sam21u,So11111111111111111111111111111111111111112,MEFNBXixkEbait3xn9bkm8WsJzXtVsaJEn4c8Sam21u,ME,116,200,0,ChWmJXfYb3WbYYDBNtbgSVY3hq7T1Xwh9QML9XEfZZGj,1,46,y,0,0,0,0,true,239.906558000000,0.344307101000,0.344307101000,62.101179,0.009945346630,0.001285838611,11.659781,90.182832,-8707,204072.838182
34,C9UkNKU61484emQTEwVj9qMU1ZWXdzMUBErjaaa32Rrg,6AJcP7wuLwmRYLBNbi825wgguaPsWzPBEHcHndpRpump,So11111111111111111111111111111111111111112,6AJcP7wuLwmRYLBNbi825wgguaPsWzPBEHcHndpRpump,VINE,22,150,0,Hd5JBF1PAwX5hY6M2BgGm4THbtsbCi95fntKMa87WD7J,0,22,y,0,0,0,0,true,19.768432000000,0.014834009000,0.014834009000,2.675546,0.001387563699,0.000180984776,11.762862,90.182832,-8696,249402.599752
35,EdFR8cuxVxuxxizTv9uRn4bPpK9h9g8k11fFhzVZFr8w,6AJcP7wuLwmRYLBNbi825wgguaPsWzPBEHcHndpRpump,So11111111111111111111111111111111111111112,6AJcP7wuLwmRYLBNbi825wgguaPsWzPBEHcHndpRpump,VINE,32,100,0,5fCjgTF2owr5DVinfFoshzupeFPneA9VbqNhypBgFPzk,0,32,y,0,0,0,0,true,4.360396000000,0.005562324000,0.005562324000,1.003252,0.001374940679,0.000180984776,11.870854,90.182832,-8684,249402.599752
36,Er5GcCKD3bBcxRRf7v99qFQEk5iDUr6orGtA55t4Z6uY,5UUH9RTDiSpq6HKS6bp4NdU9PNJpXRXuiw6ShBTBhgH2,So11111111111111111111111111111111111111112,5UUH9RTDiSpq6HKS6bp4NdU9PNJpXRXuiw6ShBTBhgH2,TROLL,9,125,0,FgcUJ9tDGi9MfySBd8xbxq1Z4M3XbQvYgMSNFt366Sxo,0,9,y,0,0,0,0,true,0.001937000000,0.182041361000,0.182041361000,32.834011,0.001118292177,0.000154957110,12.496261,90.182832,-8614,379555.116543
37,Edmecia8TZTVpvLmNBy2TfuRhVMWrZcKaob4Qa6BvQb7,EKpQGSJtjMFqKZ9KQanSqYXRcF8fBopzLHYxdM65zcjm,So11111111111111111111111111111111111111112,EKpQGSJtjMFqKZ9KQanSqYXRcF8fBopzLHYxdM65zcjm,$WIF,1672,16,0,FYRn6q44JJifhhcPhZrC2B82bJ3WDVkonT8TFZVkPKTc,23,62,y,0,0,0,0,true,0.516310000000,0.008591968000,0.008591968000,1.549696,0.014484253881,0.002011112031,12.521721,90.182832,-8612,1285107.307769
38,AjYnNs4jjrm8m3Jwh2VLvY5pjJcMwTJWT618JGaApfGy,4daoTLufDmV3ods48Zh8rymaZKBLtgEvuH9qALYLbonk,So11111111111111111111111111111111111111112,4daoTLufDmV3ods48Zh8rymaZKBLtgEvuH9qALYLbonk,memecoin,-590,80,0,EzJhXMz6gipuJRsYXedQF43AnedW6c4MJSjxERGAVr7v,-9,40,y,0,0,0,0,true,6022.924658000000,0.060271144000,0.060271144000,10.870845,0.000009084187,0.000001264758,12.555827,90.182832,-8608,144040.668134
39,DE8wpGkDA4RrLHTKrfoTTAC4ZJPfB8SySfzSkkfJ4UCt,2qEHjDLDLbuBgRYvsxhc5D6uDWAivNFZGan56P1tpump,So11111111111111111111111111111111111111112,2qEHjDLDLbuBgRYvsxhc5D6uDWAivNFZGan56P1tpump,Pnut,157,80,0,6YPXJVAvCeGtmjoc7Zkk3A1VkvHJgrofBeHFYEeLfnBf,2,17,y,0,0,0,0,true,4.296740000000,0.021969121000,0.021969121000,3.962475,0.003493844252,0.000505921602,13.058808,90.182832,-8552,134680.939304
40,H5sVUKA5jqTyBCVC3BvVTE7s72MSmdf75hCKHeKpaH5T,5UUH9RTDiSpq6HKS6bp4NdU9PNJpXRXuiw6ShBTBhgH2,So11111111111111111111111111111111111111112,5UUH9RTDiSpq6HKS6bp4NdU9PNJpXRXuiw6ShBTBhgH2,TROLL,5,100,0,CDHJ6LZgZPc4dtbW5FicjRGvoLQJtKxUeSTv4ywa34Ph,0,5,y,0,0,0,0,true,158053.906890999991,57.277811277000,57.277811277000,10330.950503,0.001051010050,0.000154957110,13.296230,90.182832,-8526,379555.116543
41,Fk71dyB2tyqXKXhVSnSx3NUHHtJw1wsNQYcqhoKKxvux,7GCihgDB8fe6KNjn2MYtkzZcRjQy3t9GHdC8uHYmW2hr,So11111111111111111111111111111111111111112,7GCihgDB8fe6KNjn2MYtkzZcRjQy3t9GHdC8uHYmW2hr,POPCAT,-554,100,0,GvqeBEo3sx3gZZF2Rz85zugVqrGPtaFBZLyrGswUzbAW,-8,6,y,0,0,0,0,true,55.489837342000,0.047326644000,0.047326644000,8.536102,0.004036072180,0.000609454759,13.617783,90.182832,-8490,682404.809073
42,sX1QZgTFGzhVNFUN9xSGSdWnupVZgRbvicYn1JybY1Q,GMvCfcZg8YvkkQmwDaAzCtHDrrEtgE74nQpQ7xNabonk,So11111111111111111111111111111111111111112,GMvCfcZg8YvkkQmwDaAzCtHDrrEtgE74nQpQ7xNabonk,1,-168,125,0,Ah2R4vxVMmpbqF3rhyQ5vB8PVwGRFKY8iGAfFoiBoLVo,-3,42,y,0,0,0,0,true,3422.862590000000,0.198500022000,0.198500022000,35.802588,0.000124060819,0.000018867362,13.715146,90.182832,-8479,152425.671424
43,6PCqu87W3DtF7AAAS2idox4JY3EwqtnUMpjpjJvRiD9V,MEFNBXixkEbait3xn9bkm8WsJzXtVsaJEn4c8Sam21u,So11111111111111111111111111111111111111112,MEFNBXixkEbait3xn9bkm8WsJzXtVsaJEn4c8Sam21u,ME,214,100,0,9LGR5W2gGKzDNDoJerXFqZMeZTyikA73ZZui3ZSUk6wQ,3,4,y,0,0,0,0,true,349.460415000000,0.338997049000,0.338997049000,61.143428,0.008409573864,0.001285838611,13.789113,90.182832,-8471,204072.838182
44,5Nfvy4DbXxmGJoFDDT4Gyry6sFYByieZciPagCHCZdb7,5UUH9RTDiSpq6HKS6bp4NdU9PNJpXRXuiw6ShBTBhgH2,So11111111111111111111111111111111111111112,5UUH9RTDiSpq6HKS6bp4NdU9PNJpXRXuiw6ShBTBhgH2,TROLL,2,50,0,D2NWN1yQ5hCQKe2vuPjHNXGyc2aW2EsBTPxmtrHz739V,0,2,y,0,0,0,0,true,14.636467000000,0.015914464000,0.015914464000,2.870423,0.001010025000,0.000154957110,13.835768,90.182832,-8466,379555.116543
45,GhpeXCenhrrLKxJAuEwtwG5jT7hEoTk1X3yRxQKu3zRd,2qEHjDLDLbuBgRYvsxhc5D6uDWAivNFZGan56P1tpump,So11111111111111111111111111111111111111112,2qEHjDLDLbuBgRYvsxhc5D6uDWAivNFZGan56P1tpump,Pnut,48,250,0,8FMSXsjHcS8TKLX4RHfAKuppTXQZ3xWcU6oymSAL5M98,0,48,y,0,0,0,0,true,3.665294000000,0.011935881000,0.011935881000,2.152823,0.003271489561,0.000505921602,13.946382,90.182832,-8454,134680.939304
46,AyS7Y6kEZRC8FzjZ9co2QyuEgbqCS2JroMNbygwhu6Ev,KENJSUYLASHUMfHyy5o4Hp2FdNqZg1AsUPhfH2kYvEP,So11111111111111111111111111111111111111112,KENJSUYLASHUMfHyy5o4Hp2FdNqZg1AsUPhfH2kYvEP,GRIFFAIN,-21,200,0,92gD3c85qq7eLUKuFeXxD9L9FEPzhSfsECA2dfwx3zcR,-1,49,y,0,0,0,0,true,392.022332000000,0.488095571000,0.488095571000,88.035682,0.000659775817,0.000103352546,14.126958,90.182832,-8434,163645.748558
47,99q7Qv5bTRh2Kjn3Yj6cPCpPSMNy8QfVTsEZhA4rARts,6AJcP7wuLwmRYLBNbi825wgguaPsWzPBEHcHndpRpump,So11111111111111111111111111111111111111112,6AJcP7wuLwmRYLBNbi825wgguaPsWzPBEHcHndpRpump,VINE,14,80,0,6gwFX6A3u6kA2Dfu2UFY7C2KNUxBsMw7S4SHZHapGwuU,0,14,y,0,0,0,0,true,11.562684000000,0.010506313000,0.010506313000,1.894978,0.001118014534,0.000180984776,14.598844,90.182832,-8381,249402.599752
48,UEbnuymC1FBN9oCusUUkVHKybGe6SSnZv1q2uhYX1bA,DKu9kykSfbN5LBfFXtNNDPaX35o4Fv6vJ9FKk7pZpump,So11111111111111111111111111111111111111112,DKu9kykSfbN5LBfFXtNNDPaX35o4Fv6vJ9FKk7pZpump,AVA,-29,250,0,45kqRYi9SpyNtjmKGLQZ8Rt46sHhdoyspFKnYfzAxtmP,-1,41,y,0,0,0,0,true,2918.777779000000,0.072327954000,0.072327954000,13.045479,0.000488661252,0.000079761044,14.719966,90.182832,-8368,335313.574523
49,AecViNFhbiYhUcjDyHUKaUbbVe22bCwd9VswgJ8PJnUM,6AJcP7wuLwmRYLBNbi825wgguaPsWzPBEHcHndpRpump,So11111111111111111111111111111111111111112,6AJcP7wuLwmRYLBNbi825wgguaPsWzPBEHcHndpRpump,VINE,9,100,0,At8b7KqzW9ohjn9xJbEr1p56rEnVzbPJepGtSRf8pWVf,0,9,y,0,0,0,0,true,9.469177000000,0.012942960000,0.012942960000,2.334466,0.001093685273,0.000180984776,14.923598,90.182832,-8345,249402.599752
50,Ch7Ykf8DNGz361Pf52bGJVfU8FsV4BDMxNPpiGhrAD2J,6AJcP7wuLwmRYLBNbi825wgguaPsWzPBEHcHndpRpump,So11111111111111111111111111111111111111112,6AJcP7wuLwmRYLBNbi825wgguaPsWzPBEHcHndpRpump,VINE,8,100,0,6QnLmANGPgGo1W9PEZ7WMqvjqXRcd3cZrjmkuU3f1u3G,0,8,y,0,0,0,0,true,6.550430000000,0.009037280000,0.009037280000,1.630015,0.001082856706,0.000180984776,15.072834,90.182832,-8329,249402.599752
